"AUTHOR";"BODY";"DATETIME";"LINK";"PICTAUTHOR";"PICTURE";"SYNOPSIS";"TITLE"
"Туристический портал ""Вести Туризм""";"<p>Издание «Вести Туризм» приводит мнение основателя компании «Юридическое агентство Персона Грата», председателя Правовой комиссии Российского союза туриндустрии Георгия Мохова, который считает, что государственное регулирование в сфере въездного туризма должно защищать экономические интересы страны и деятельность национальных туроператоров, а также осуществлять миграционный и валютный контроль</p><p>Тема государственного регулирования в сфере въездного туризма стала основной на заседании Общественного совета Ростуризма «Перспективы изменения туристского законодательства для деятельности «въездных» туроператоров». Председатель Совета Туристической ассоциации «Мир без границ», председатель Комиссии по въездному туризму Общественного совета Ростуризма Иван Введенский обозначил риски для туристического бизнеса России, работающего на приеме иностранных гостей, и предложил обсудить, как можно сохранить этот сегмент отрасли.</p><p>Поскольку разработка нового Закона о туризме легла в план законодательной деятельности правительства, у туроператорского сообщества появилась уникальная возможность предложить что-то рациональное и разумное в части регулирования въездного туризма и деятельности въездных туроператоров.</p><p>Очень важно с самого начала разграничить темы регулирования деятельности предпринимателей и приоритетов въездного туризма как одного из основных смыслов развития туризма.</p><p>В первую очередь, среди стратегических направлений регулирования я бы выделил защиту национальных интересов, то есть защиту национальных туроператоров и экономических интересов России с точки зрения строгого контроля за иностранными компаниями, которые внедряются на отечественный рынок, начинают поглощать российского производителя, покупать гостиницы, развивать собственные территории и тому подобное. Приоритет контроля над грамотным распределением возможности доступа к дефицитным туристическим ресурсам должен быть у государства.</p><p>Нельзя также оставить без внимания тему миграционного контроля с точки зрения слияния туризма и миграции, поскольку эта проблема может стать одной из самых болезненных для государственного надзора.</p><p>Особенно это станет заметно по мере дальнейшего развития маркетплейсов и систем онлайн-продаж. Если к этому добавить электронную визу, то мы откроем широкие ворота не только для туристов, но и для мигрантов.</p><p>Следующий момент, где важно государственное регулирование, это контроль за расчётами в валютной сфере, поскольку она также связана с защитой национальных интересов. Если сейчас не обратить на это внимание, то деньги будут оседать на иностранных платформах.</p><p>Последнее связано с пандемией и появлением разного рода неожиданных ограничений, специальных правил въезда и выезда, усиленного контроля и так далее. Здесь туризм опять попадает на первую линию фронта. Нужно очень внимательно следить за тем, как будет меняться законодательство в этой сфере, чтобы турбизнес не превратился в контрольный фильтр, и на него не взвалили ответственность по санитарному законодательству, сопровождаемую огромными штрафами.</p><p>06.08.2021 г., Вести Туризм, Константин Исааков</p>";"06.08.2021 07:23";"https://visit-russia.ru/ru/novosti/1707-georgij-mokhov-kontrolirovat-deyatelnost-inostrannykh-kompanij-na-otechestvennom-rynke.html";"Георгий Мохов";"https://visit-russia.ru/images/0A446F9C-5213-4313-8EBA-4AEFAE163A73.jpeg";"Издание «Вести Туризм» приводит мнение основателя компании «Юридическое агентство Персона Грата», председателя Правовой комиссии Российского союза туриндустрии Георгия Мохова, который считает, что государственное регулирование в сфере въездного туризма должно защищать экономические интересы страны и деятельность национальных туроператоров, а также осуществлять миграционный и валютный контроль";"Георгий Мохов: «Контролировать деятельность иностранных компаний на отечественном рынке»"
"Другой";"<p>Международная туристическая выставка «Интурмаркет-2022» (ITM) и Ассоциация международного туризма «Мир без границ» договорились о сотрудничестве в рамках информационного партнёрства при подготовке и проведении VIII Российско-китайского туристического Форума</p><p>19-20 октября 2021 года пройдёт VIII Российско-Китайский туристический форум, который станет наиболее ожидаемым событием отрасли двух стран. Открыта регистрация на участие в этом мероприятии, которое будет организовано в как в онлайн, так и в офлайн – гибридном формате, что позволит значительно расширить географию и охват его участников. Организаторами Форума выступают Ассоциация «Мир без границ» и Китайская Ассоциация туристического сервиса (CATS).</p><p>Выставка «Интурмаркет» - профильная туристическая площадка для расширения внутриотраслевого диалога и выработки оптимальных решений и путей развития рынка в новых условиях. Здесь вырабатываются эффективные механизмы и налаживаются межотраслевые связи, которые помогают сформировать принципиально новые качественные туристические продукты и поднять уровень сервиса в индустрии.</p><p>«Интурмаркет» - единственная в России выставка, которая представляет полный турпродукт нашей страны - в ней участвуют практически все регионы России. Без всякого преувеличения, выставка «Интурмаркет» находится «на пике» основного туристического тренда - импортозамещения в туризме.</p><p>При этом на выставке представлены традиционные лидеры выездного турпотока россиян: Турция, Греция, Болгария, Китай, Кипр, Куба, Марокко и другие страны, для которых Россия является традиционным и любимым рынком. Традиционно активны на выставке и страны СНГ.</p><p>Все гости «Интурмаркета» с радостью отмечают удивительную атмосферу праздника, созданную на выставке. А профессионалы туристской отрасли по праву оценивают предоставленную возможность не только обсудить в тесном диалоге волнующие проблемы, но и найти решение многих острых вопросов.</p><p>Приглашаем к участию в ""Интурмаркете"", который пройдёт в офлайн формате 12-14 марта 2022 года в ЦВК «Экспоцентр», павильоне «Форум», Москва.</p><p>Туристическая ассоциация «Мир без границ» – это профессиональное объединение в сфере российско-китайского туризма, в которое входят 176 компаний из числа работающих на китайском направлении: туроператоры, гостиницы, музеи, торговые дома, аэропорты и авиакомпании, финансовые и страховые компании.</p><p>Российско-Китайский туристический форум проводится с 2012 года при поддержке Федерального агентства по туризму и Министерства культуры и туризма Китайской Народной Республики. Первый форум проходил в Пекине в 2012-ом году, в этом же году состоялась деловая встреча турэкспертов на втором форуме в Шанхае, в рамках закрытия Года российского туризма в Китае. С 2015 года Российско-Китайский туристический форум стал ежегодным центральным событием для участников российско-китайского туризма.</p><p>Открыта регистрация на участие в форуме  https://expochina-pro.timepad.ru/event/1657466/</p>";"04.08.2021 09:09";"https://visit-russia.ru/ru/novosti/1706-mezhdunarodnaya-turisticheskaya-vystavka-inturmarket-i-assotsiatsiya-mir-bez-granits-dogovorilis-o-sotrudnichestve.html";"";"https://visit-russia.ru/images/CC1A7A9B-5690-4BDE-BB10-9D2E5C0FCB08.jpeg";"Международная туристическая выставка «Интурмаркет-2022» (ITM) и Ассоциация международного туризма «Мир без границ» договорились о сотрудничестве в рамках информационного партнёрства при подготовке и проведении VIII Российско-китайского туристического Форума";"Международная туристическая выставка «Интурмаркет» и Ассоциация «Мир без границ» договорились о сотрудничестве"
"Туристический портал  Travel Russian News";"<p>Генеральный директор «НТК Интурист» Виктор Тополкараев и заместитель гендиректора туроператора «Академсервис» Александр Курносов уверены, что введение системы электронной путевки для въездного сегмента туристического рынка не нужен и трудно реализуем</p><p>Издание TRN сообщает, что Общественный совет Ростуризма совместно с профессиональными объединениями туроператоров и Правовым управлением Ростуризма провёл заседание круглого стола на тему «Перспективы изменения туристского законодательства для деятельности „въездных“ туроператоров».</p><p>Председатель Совета турассоциации «Мир без границ», председатель Комиссии по въездному туризму общественного совета Ростуризма Иван Введенский обозначил риски для туристического бизнеса России, работающего на приеме иностранных гостей, и предложил обсудить, как можно сохранить этот сегмент отрасли.</p><p>Одной из важных тем, обсуждавшихся на заседании, стала тема необходимости внедрения электронной путевки на въездном туристическом рынке.</p><p>Виктор Тополкараев уверен, что механизм электронной путевки для иностранных туристов мало реализуем, и непонятно для чего нужен.</p><p>«На внутреннем и выездном рынке электронная путевка охватывает всех участников процесса — туроператора, турагента и туриста. В сфере въездного рынка непонятно, как можно зарубежную компанию заставить заполнять российскую электронную путёвку или вынудить гражданина другой страны вносить в нашу базу свои персональные данные. Сразу возникает вопрос, каким образом мы можем получить согласие иностранных граждан, чтобы их данные фигурировали в каких-то российских электронных путевках? Поэтому роль и жизнеспособность электронной путевки во въездном туризме вообще не понятна», — прокомментировал ситуацию гендиректор Интуриста.</p><p>С таким мнением согласился и представитель туроператора «Академсервис», который считает, что электронная путевка для въездного туризма создаст лишь дополнительные проблемы учета и лишнюю нагрузку по документообороту.</p><p>«При этом она не будет способствовать увеличению количества туристов и контролю туропотока, так как найдутся способы обойти электронную путёвку», — заверил Александр Курносов.</p><p>Оба эксперта уверены, что закон о туризме нужно модифицировать, но если говорить об инкаминге, то к этой сфере туризма нужно подходить очень осторожно, так как ее проблемы очень отличаются от проблем внутреннего и выездного туризма.</p><p>04 августа 2021 г., TRN, Анастасия Егорова</p>";"04.08.2021 08:42";"https://visit-russia.ru/ru/novosti/1705-eksperty-ne-vidyat-neobkhodimosti-vvedeniya-elektronnoj-putevki-dlya-vezdnogo-turizma.html";"TRN";"https://visit-russia.ru/images/BD6600F3-559E-424B-AF51-CA58DEF86158.jpeg";"Генеральный директор «НТК Интурист» Виктор Тополкараев и заместитель гендиректора туроператора «Академсервис» Александр Курносов уверены, что введение системы электронной путевки для въездного сегмента туристического рынка не нужен и трудно реализуем";"Эксперты не видят необходимости введения электронной путевки для въездного туризма"
"Другой";"<p>Туристическая ассоциация «Мир без границ» и пекинская консалтинговая компания «Eurasian Tianli Beijing Technology Co. Ltd» рады пригласить вас к участию в международной онлайн-конференции на тему «Привлечение индивидуального туриста. Стратегии и инструменты. Взгляд из Китая»</p><p>Конференция, которая пройдет с 10.00 до 13.00 мск 10 августа 2021 года, станет очередным мероприятием, предваряющим VIII Российско-Китайский туристический форум, запланированный на 19-20 октября 2021 года.</p><p>Хотим обратить особое внимание на то, что основными спикерами на этой встрече выступят эксперты из КНР.</p><p>О своём видении работы по привлечению китайских индивидуальных туристов расскажут специалисты Китайской академии культуры и туризма, Китайской ассоциации туристического сервиса, Пекинской юридической компании «Синьдали», Китайской социальной сети о туризме и онлайн платформы бронирования туров «Мафенво», а также Китайской онлайн платформы бронирования отелей, билетов и туров «Фэйчжу».</p><p>Наша страна будет представлена Российской онлайн платформой бронирования отелей «Броневик» и компанией ""Правовой Центр ""Бизнес-Решения"" (СДС) China Friendly.</p><p>Темы мероприятия</p><p>В ходе данной конференции мы поговорим о том, где и как китайские туристы собирают информацию о туристических возможностях России при планировании индивидуальной поездки, и какие факторы влияют на их выбор.</p><p>Приглашённые эксперты расскажут об онлайн ресурсах, которые предпочитают использовать путешественники из Поднебесной. С ними вместе мы подумаем о том, есть ли возможность у российских предприятий получить доступ к индивидуальному туристу в Китае через отечественные онлайн платформы.</p><p>Многим будет интересно подробнее узнать, как китайское законодательство о туризме регулирует продажи, а так же защищает интересы туристов и производителей услуг.</p><p>Вместе мы поищем ответ на вопрос, каким образом российскому отелю, объекту показа, торговому или другому предприятию проще привлечь внимание китайского туриста на этапе планирования индивидуальной поездки, а так же решим, какие цели нужно ставить перед собой руководителям российских предприятий, если они хотят работать с клиентами из Китая с учётом особенностей требований гостей из Поднебесной.</p><p>В заключение специалисты подробно объяснят, что такое система добровольной сертификации (СДС) China Friendly, и расскажут о ее преимуществах.</p><p>Модератор мероприятия: представитель АМТ «Мир без границ» в Китае, директор пекинской консалтинговой компании «Eurasian Tianli Beijing Technology Co. Ltd» Александр Фолько</p><p>Формат проведения: онлайн, продолжительность: 3 часа</p><p>Язык мероприятия: русский с последовательным переводом китайских спикеров</p><p>Внимание! Мы приглашаем всех желающих бесплатно принять участие в онлайн конференции, пройдя регистрацию по ссылке https://visit-russia.timepad.ru/event/1668603/</p><p>Тем, кто не сможет подключиться к конференции во время трансляции, мы предложим приобрести ее запись через ресурс https://expochina-pro.timepad.ru/event/1721203/</p>";"04.08.2021 08:15";"https://visit-russia.ru/ru/novosti/1704-priglashaem-na-onlajn-konferentsiyu-privlechenie-individualnogo-turista-strategii-i-instrumenty-vzglyad-iz-kitaya.html";"";"https://visit-russia.ru/images/D98C21E9-38DD-49D9-9812-C40FC4138357.jpeg";"Туристическая ассоциация «Мир без границ» и пекинская консалтинговая компания «Eurasian Tianli Beijing Technology Co. Ltd» рады пригласить вас к участию в международной онлайн-конференции на тему «Привлечение индивидуального туриста. Стратегии и инструменты. Взгляд из Китая»";"ПРИГЛАШАЕМ НА ОНЛАЙН КОНФЕРЕНЦИЮ «ПРИВЛЕЧЕНИЕ ИНДИВИДУАЛЬНОГО ТУРИСТА. СТРАТЕГИИ И ИНСТРУМЕНТЫ. ВЗГЛЯД ИЗ КИТАЯ»"
"Другой";"<p>Портал Prim-Travel.ru и Ассоциация международного туризма «Мир без границ» договорились о сотрудничестве в рамках информационного партнёрства при подготовке и проведении VIII Российско-китайского туристического Форума</p><p>19-20 октября 2021 года пройдёт VIII Российско-Китайский туристический форум, который станет наиболее ожидаемым событием отрасли двух стран. Открыта регистрация на участие в этом мероприятии, которое будет организовано в как в онлайн, так и в офлайн – гибридном формате, что позволит значительно расширить географию и охват его участников. Организаторами Форума выступают Ассоциация «Мир без границ» и Китайская Ассоциация туристического сервиса (CATS).</p><p>Prim-Travel.ru - ежедневный новостной сайт. Работая с 2017 года, создает качественный и востребованный продукт. Это новости туризма Приморского края, Дальнего Востока и стран АТР. Информационный ресурс позволяет получить оперативную информацию о туризме и актуальные комментарии по отраслевым темам и наиболее значимым событиям.</p><p>Целевая аудитория – туристы, представители турбизнеса и сферы гостеприимства, дипломатических кругов, туристических национальных офисов. Посещаемость портала составляет порядка 5 тысяч в месяц, уникальных посетителей - около 92%. Половина заходит из поисковых сетей, по 10% из соцсетей (90% Facebook и 10% Instagram) и напрямую. Около 50% целевой аудитории – посетители в возрасте от 25 до 44 лет.</p><p>Туристическая ассоциация «Мир без границ» – это профессиональное объединение в сфере российско-китайского туризма, в которое входят 176 компаний из числа работающих на китайском направлении: туроператоры, гостиницы, музеи, торговые дома, аэропорты и авиакомпании, финансовые и страховые компании.</p><p>«Мир без границ» 19-20 октября 2021 года совместно с Китайской ассоциацией туристического сервиса в онлайн и офлайн формате проведёт VIII Российско-Китайский туристический форум, который станет наиболее ожидаемым событием отрасли двух стран.</p><p>Российско-Китайский туристический форум проводится с 2012 года при поддержке Федерального агентства по туризму и Министерства культуры и туризма Китайской Народной Республики. Первый форум проходил в Пекине в 2012-ом году, в этом же году состоялась деловая встреча турэкспертов на втором форуме в Шанхае, в рамках закрытия Года российского туризма в Китае. С 2015 года Российско-Китайский туристический форум стал ежегодным центральным событием для участников российско-китайского туризма.</p><p>Открыта регистрация на участие в форуме</p>";"03.08.2021 07:29";"https://visit-russia.ru/ru/novosti/1703-novym-informatsionnym-partnerom-assotsiatsii-mir-bez-granits-stal-portal-prim-travel-ru.html";"";"https://visit-russia.ru/images/C8804D3C-A44C-4681-BB17-ED8CD4A37D85.jpeg";"Портал Prim-Travel.ru и Ассоциация международного туризма «Мир без границ» договорились о сотрудничестве в рамках информационного партнёрства при подготовке и проведении VIII Российско-китайского туристического Форума";"Новым информационным партнером Ассоциации «Мир без границ» стал портал Prim-Travel.ru"
"Туристический портал ""Вестник АТОР""";"<p>Председатель совета туристической ассоциации «Мир без границ» Иван Введенский уверен, что назначение экс-главы департамента туризма Приморского края Константина Шестакова мэром Владивостока позитивно скажется на развитии туризма этого города России. Об этом сообщает издание «Вестник АТОР»</p><p>«Представители туристического бизнеса приветствуют назначение мэром Владивостока Константина Шестакова, который ранее возглавлял Департамент туризма Приморского края. У нас в стране практически нет примеров, когда главой такого крупного туристического города становился человек, который прекрасно разбирается в туристической отрасли и имеет большой опыт работы в ней», – прокомментировал новое назначение г-н Введенский.</p><p>По мнению главы Ассоциации, реальность такова, что по-настоящему въездным туризмом в России занимаются нескольких крупных городов – Москва, Санкт-Петербург, Владивосток и Иркутск, а для других большой иностранный турпоток остается лишь в планах.</p><p>«Примечательно, что среди лидеров отрасли только Владивостоком теперь будет руководить человек, который вышел непосредственно из туризма. При этом не стоит забывать, что Владивосток – столица Дальневосточного федерального округа, который занимает значительную часть нашей страны, от Тихого океана до берегов Байкала. Это главный хаб, связывающий Россию с Китаем, Японией, Кореей по большинству экономических, торговых, гуманитарных и культурных направлений, а мировое развитие сегодня ассоциируется именно с выстраиванием отношений со странами Азиатско-Тихоокеанского бассейна», – сказал он.</p><p>Иван Введенский подчеркнул, что Владивосток в российской табеле о рангах занимает почетное третье место, после Москвы и Санкт-Петербурга, по привлекательности и потенциалу внутреннего и иностранного туризма.</p><p>«Можно сказать, что мэр такого города – это политическая фигура, которая может активно участвовать в формировании государственной политики. Мы надеемся, что, возглавив руководство столицы Приморья, Константин Владимирович будет уделять достаточно много внимания развитию туризма. Новый мэр уже обозначил свои действия на ближайшее время, которые будут направлены на подготовку к ВЭФ, но всем понятно, что экономическое развитие Дальнего Востока уже немыслимо без прогресса туристической отрасли», – отметил глава Ассоциации.</p><p>Он так же напомнил, что «Мир без границ» совместно с Агентством по туризму Приморского края организуют стратегическую сессию о методическом и практическом аспектах реализации государственной политики по развитию въездного китайского туризма в даты проведения ВЭФ. Владивостокская сессия станет очередным мероприятием, предваряющим VIII Российско-Китайский туристический форум, который «Мир без границ» и Китайская ассоциация туристического сервиса (CATS) проведут 19-20 октября 2021 года.</p><p>02.08.2021 г., Вестник АТОР</p>";"02.08.2021 07:39";"https://visit-russia.ru/ru/novosti/1702-turbiznes-privetstvuet-naznachenie-merom-vladivostoka-professionala-turisticheskoj-otrasli.html";"Константин Шестаков";"https://visit-russia.ru/images/0FD4ED53-4214-4ADF-A203-CDEE6C8E472A.jpeg";"Председатель совета туристической ассоциации «Мир без границ» Иван Введенский уверен, что назначение экс-главы департамента туризма Приморского края Константина Шестакова мэром Владивостока позитивно скажется на развитии туризма этого города России. Об этом сообщает издание «Вестник АТОР»";"ТУРБИЗНЕС ПРИВЕТСТВУЕТ НАЗНАЧЕНИЕ МЭРОМ ВЛАДИВОСТОКА ПРОФЕССИОНАЛА ТУРИСТИЧЕСКОЙ ОТРАСЛИ"
"Другой";"<p>Портал «Интерфакс-Туризм» и Ассоциация международного туризма «Мир без границ» договорились о сотрудничестве в рамках информационного партнерства при подготовке и проведении VIII Российско-китайского туристического Форума</p><p>19-20 октября 2021 года пройдёт VIII Российско-Китайский туристический форум, который станет наиболее ожидаемым событием отрасли двух стран. Он будет организован в гибридном – онлайн и офлайн – формате, что позволит значительно расширить географию и охват участников. Регистрация участников уже началась. Организаторами Форума выступают Ассоциация «Мир без границ» и Китайская Ассоциация туристического сервиса (CATS).</p><p>Портал Интерфакс-Туризм был создан информационной группой «Интерфакс» в 2007 году и с тех пор стал одним из лидирующих источников информации о развитии туризма в России. Активно работающие бюро и корреспонденты «Интерфакса» в десятках городов позволяют в оперативном режиме публиковать новости туризма из регионов.</p><p>Аудитория портала – участники туристического рынка (туроператоры и турагентства, отели и авиакомпании, системы онлайн-бронирования), представители органов власти всех уровней, связанные с развитием и регулированием туризма (в том числе, руководители и сотрудники Ростуризма, региональных администраций по туризму), а также журналисты федеральных и региональных СМИ. Материалы, публикуемые на портале «Интерфакс-Туризм», ежедневно попадают в топ агрегатора ""Яндекс Новости"" и широко расходятся на популярной блог-платформе ""Яндекс Дзен"".</p><p>Туристическая ассоциация «Мир без границ» – это профессиональное объединение в сфере российско-китайского туризма, в которое входят 176 компаний из числа работающих на китайском направлении: туроператоры, гостиницы, музеи, торговые дома, аэропорты и авиакомпании, финансовые и страховые компании.</p><p>Российско-Китайский туристический форум проводится с 2012 года при поддержке Федерального агентства по туризму и Министерства культуры и туризма Китайской Народной Республики. Первый форум проходил в Пекине в 2012-ом году, в этом же году состоялась деловая встреча турэкспертов на втором форуме в Шанхае, в рамках закрытия Года российского туризма в Китае. С 2015 года Российско-Китайский туристический форум стал ежегодным центральным событием для участников российско-китайского туризма.</p><p>Регистрация участников – здесь</p>";"30.07.2021 07:42";"https://visit-russia.ru/ru/novosti/1701-novym-informatsionnym-partnerom-assotsiatsii-mir-bez-granits-stal-portal-interfaks-turizm.html";"";"https://visit-russia.ru/images/FC97F97F-1008-416F-975D-EF919C8CF2F8.png";"Портал «Интерфакс-Туризм» и Ассоциация международного туризма «Мир без границ» договорились о сотрудничестве в рамках информационного партнерства при подготовке и проведении VIII Российско-китайского туристического Форума";"Новым информационным партнером Ассоциации «Мир без границ» стал портал «Интерфакс-Туризм»"
"Ежедневная электронная газета RATA-news";"<p>Издание RATA-news сообщает, что Дума Владивостока в четверг утвердила на пост мэра города исполняющего обязанности главы столицы Приморья Константина Шестакова, который ранее возглавлял департамент туризма Приморского края</p><p>Г-н Шестков начинал карьеру в туристической компании, с сентября 2014 года возглавлял департамент туризма Приморского края, через четыре года занял позицию вице-губернатора региона. С мая 2021 исполнял обязанности главы администрации Владивостока. И теперь обещает, что, став мэром, продолжит развитие туризма в городе.</p><p>«Поскольку мне посчастливилось несколько лет работать в этой отрасли, я прекрасно понимаю не только ее экономическую, социальную, но и политическую значимость. Особенно это касается Владивостока, который по праву занимает одно из ведущих мест в стране по привлекательности для зарубежных гостей, особенно для туристов из Китая», – сказал Константин Шестаков.</p><p>Он отметил, что жители Дальнего Востока очень ждут открытия границ для международных путешествий. Также очень важно, чтобы вступил в силу порядок выдачи иностранным туристам электронных виз. «Мы уверены, что туристический потенциал Приморья и его столицы Владивостока еще далеко не раскрыт. Приложим все усилия, чтобы укрепить и развить образ гостеприимного Владивостока как ближайшего европейского города в Азии», – подчеркнул мэр.</p><p>Председатель совета туристической ассоциации «Мир без границ» Иван Введенский уверен, что назначение бывшего главы департамента туризма Приморского края мэром Владивостока позитивно скажется на развитии туризма в во всем регионе. «Это редкий случай, когда столь ответственный пост в популярном у иностранных туристов городе занимает человек, который долгое время посвящал свою профессиональную деятельность туристической отрасли и знает ее досконально, – пояснил он. – Не случайно Константин Владимирович возглавляет оргкомитетVIII Российско-китайского туристического форума, который пройдет в октябре 2021 года».</p><p>30.07.2021 г., RATA-news</p>";"30.07.2021 06:52";"https://visit-russia.ru/ru/novosti/1700-merom-vladivostoka-stal-chelovek-iz-turizma.html";"Константин Шестаков";"https://visit-russia.ru/images/00764F32-839E-4D74-853A-4C7FF7EFB262.jpeg";"Издание RATA-news сообщает, что Дума Владивостока в четверг утвердила на пост мэра города исполняющего обязанности главы столицы Приморья Константина Шестакова, который ранее возглавлял департамент туризма Приморского края";"Мэром Владивостока стал человек из туризма"
"Туристический портал  Travel Russian News";"<p>Издание TRN проинформировало, что в 2019 году и в первой половине 2020 года поездкой в Россию остались довольны 80% китайских туристов, посетивших нашу страну. Эти данные сообщил директор международного института Китайской академии туризма, младший научный сотрудник Ян Цзиньсон</p><p>Выступая на Первом семинаре по интеграции и развитию культуры и туризма стран-членов ШОС, он сообщил, что академия туризма Оценивает конкурентоспособность туристических направлений по разным факторам, но самым важным показателем считается удовлетворенность китайских туристов своими поездками в разные страны.</p><p>«Наш институт ежегодно проводит опросы и анализ удовлетворенности китайских туристов. В 2019 году конкуренция между туристическими дестинациями стала очень заметной. Мы думаем, что после пандемии тенденция к ужесточению такой конкуренции еще больше возрастёт», — пояснил директор.</p><p>При этом Ян Цзиньсон обратил внимание на то, что непосредственно перед закрытием границ уже произошли изменения в предпочтениях граждан КНР в отношении к зарубежным туристическим направлениям.</p><p>«В 2019 году только 30% туристов остались не удовлетворены своими путешествиями за границу, 68% были либо очень довольны, либо не разочарованы поездкой. За первую половину 2020 года на зарубежные туры пожаловались 28%, а довольны остались 70% китайских путешественников. Это говорит о том, что в целом своими поездками остались довольны больше туристов», — прокомментировал ситуацию эксперт.</p><p>По данным его института, пятёрку лидеров общей удовлетворенности зарубежными поездками среди путешественников из КНР возглавляет Япония, далее следуют — Новая Зеландия, Сингапур, США и Франция. Россия разделила с Индией 15–16 места в этом рейтинге удовлетворенности. Обе страны получили по 80%.</p><p>«Мы очень рады, что Россия получила 80%, поскольку это означает, что гостей из Поднебесной там очень хорошо принимали, и они потом будут рассказывать об этом своим родственникам и знакомым. Даже если страна получает 75%, то это говорит о том, что китайские туристы в основном остались довольны своими поездками в ту или иную страну», — заверил директор.</p><p>Ян Цзиньсон так же подчеркнул, что Россия занимает первое место в Китае по привлекательности туристических дестинаций среди стран-членов ШОС.</p><p>Добавим, что тема расширения присутствий российских предприятий сферы гостеприимства на китайском рынке стало одной из ведущих на онлайн-заседании круглого стола «Привлечение индивидуального туриста. Стратегии и инструменты. Взгляд из Китая». Это очередное мероприятие Ассоциации «Мир без границ» предваряет VIII Российско-Китайский туристический форум, запланированный на октябрь 2021 года.</p><p>29.08.2021 г., TRN, Анастасия Егорова</p>";"29.07.2021 14:42";"https://visit-russia.ru/ru/novosti/1699-poryadka-80-kitajskikh-turistov-ostayutsya-dovolny-svoej-poezdkoj-v-rossiyu-kitajskij-ekspert.html";"Мир без границ, Ирина Нехорошкина";"https://visit-russia.ru/images/C52835ED-0629-4CD9-8ABA-87A07904B9A1.jpeg";"Издание TRN проинформировало, что в 2019 году и в первой половине 2020 года поездкой в Россию остались довольны 80% китайских туристов, посетивших нашу страну. Эти данные сообщил директор международного института Китайской академии туризма, младший научный сотрудник Ян Цзиньсон";"Порядка 80% китайских туристов остаются довольны своей поездкой в Россию — китайский эксперт"
"Туристический портал ""Вести Туризм""";"<p>На круглом столе Общественного совета Ростуризма «Перспективы изменения туристского законодательства для деятельности «въездных» туроператоров» обсудят юридические аспекты работы «въездных» туроператоров 29 июля в 11 часов мск</p><p>Общественный Совет Ростуризма совместно с профессиональными объединениями туроператоров и Правовым управлением Ростуризма проведет круглый стол (в режиме онлайн) на тему «Перспективы изменения туристского законодательства для деятельности «въездных» туроператоров».</p><p>Планируемые вопросы круглого стола объединены в три блока:</p><p>Эволюция деятельности «въездных» туроператоров (как вида бизнеса) в мире и России с учетом развития рынка и технологий.</p><p>Уточнение роли и места въездных туроператоров как субъектов законодательного регулирования и стимулирования.</p><p>Совершенствование взаимодействия «въездных» туроператоров с госорганами и их подведомственными организациями, в том числе в рамках реализации госпрограмм.</p><p>Просьба заявки на участие направлять председателю комиссии по развитию въездного туризма Общественного Совета Ростуризма Ивану Введенскому по адресу электронной почты vvedenski@visit-russia.ru, либо в мессенджерах Вотсап, Фейсбук, Инстаграм, Вайбер, Телеграмм.</p><p>28.07.2021 г., Вести Туризм, Константин Исааков</p>";"28.07.2021 07:47";"https://visit-russia.ru/ru/novosti/1698-na-kruglom-stole-obshchestvennogo-soveta-rosturizma-obsudyat-yuridicheskie-aspekty-raboty-vezdnykh-turoperatorov.html";"Вести Туризм";"https://visit-russia.ru/images/ECE9C86C-8F54-49A9-A5AA-724579C22AA7.jpeg";" На круглом столе Общественного совета Ростуризма «Перспективы изменения туристского законодательства для деятельности «въездных» туроператоров» обсудят юридические аспекты работы «въездных» туроператоров 29 июля в 11 часов мск ";"На круглом столе Общественного совета Ростуризма обсудят юридические аспекты работы «въездных» туроператоров"
"Туристический портал ""Вестник АТОР""";"<p>Помощник директора Второго пекинского института иностранных языков, профессор Цзоу Тонгянь заявил на Первом семинаре по интеграции и развитию культуры и туризма стран-членов ШОС, что после снятия международных ограничений выездной турпоток из Китая «помолодеет» за счет студентов и жителей городов «второй линии». Об этом сообщает издание «Вестник АТОР»</p><p>ПОЕДЕТ МОЛОДЕЖЬ ИЗ ГОРОДОВ TIER II</p><p>Эксперт отметил, что в последнее время тенденции среди китайских туристов сильно меняются по нескольким направлениям, но самой заметной стало «омоложение» турпотока. Профессор Тонгянь напомнил, что раньше основную часть туристов, выезжающих за границу, составляли люди среднего и пожилого возраста.</p><p>«Сейчас поездками больше интересуются молодые люди, и на это стоит обратить внимание. Хотя они не самые богатые в Китае, но именно у молодежи самое сильное желание путешествовать. Кроме того, в китайских семьях принято поощрять своих детей-студентов. Если они хорошо учатся, родители с удовольствием дают им деньги на путешествия», – прокомментировал ситуацию эксперт.</p><p>Еще одним источником омоложения китайского турпотока, готового устремиться на зарубежный рынок, он назвал жителей городов «второй линии» (Tier II), где количество потенциальных путешественников стремительно растет.</p><p>«Толчком к этому послужило открытие в этих населенных пунктах консульств разных стран, а также запуск прямых авиационных рейсов во многие города мира», – пояснил эксперт.</p><p>ПРЕИМУЩЕСТВА ЭЛЕКТРОННЫХ ПЛАТЕЖЕЙ И ХОРОШИХ ОТНОШЕНИЙ С КИТАЕМ</p><p>Среди других новых тенденций Цзоу Тонгянь обратил внимание на то, что современные китайские туристы стали делать выбор в пользу тех стран, где развита система онлайн-платежей.</p><p>«Дестинации, где можно свободно расплачиваться за услуги и покупки при помощи телефонов и электронных карт стали заметно выигрывать, так как этот способ очень быстро набирает популярность среди путешественников из Поднебесной», – сказал он.</p><p>Эксперт также добавил, что у туристов появились новые потребности, поэтому очень важно разрабатывать и предлагать дополнительные программы для поездок и разнообразить услуги, в том числе по экологическому, реабилитационному и другим видам туризма.</p><p>«Хочу отметить, что при выборе дестинации для китайцев имеет огромное значение, сохраняет ли дружественные отношения та или иная страна с Китаем. Очень ярким примером стало снижение спроса среди китайских туристов на путешествия в США после изменения политики этой страны в отношениях с КНР с приходом к власти Дональда Трампа и Джозефа Байдена», – заверил Цзоу Тонгянь.</p><p>Тема расширения присутствий российских предприятий сферы гостеприимства на китайском рынке станет одной из ведущих на онлайн-заседании круглого стола «Привлечение индивидуального туриста. Стратегии и инструменты. Взгляд из Китая».Это очередное мероприятие Ассоциации «Мир без границ» предваряетVIII Российско-Китайский туристический форум, запланированный на октябрь 2021 года.</p><p>28.07.2021 г., Вестник АТОР</p>";"28.07.2021 07:20";"https://visit-russia.ru/ru/novosti/1697-vyezdnoj-turpotok-iz-kitaya-posle-pandemii-pomolodeet.html";"Мир без границ, Ирина Нехорошкина";"https://visit-russia.ru/images/A1E0D6A2-7038-495C-83C7-EFF21A50842F.jpeg";"Помощник директора Второго пекинского института иностранных языков, профессор Цзоу Тонгянь заявил на Первом семинаре по интеграции и развитию культуры и туризма стран-членов ШОС, что после снятия международных ограничений выездной турпоток из Китая «помолодеет» за счет студентов и жителей городов «второй линии». Об этом сообщает издание «Вестник АТОР»";"ВЫЕЗДНОЙ ТУРПОТОК ИЗ КИТАЯ ПОСЛЕ ПАНДЕМИИ «ПОМОЛОДЕЕТ»"
"Туристический портал ""Вести Туризм""";"<p>Издание «Вести Туризм» приводит мнение помощника директора Второго пекинского института иностранных языков, профессора Цзоу Тонгянь, который считает, что продавца туристических услуг разных стран, заинтересованным в привлечении гостей из Китая, стоит обратить внимание на продвижение своих предложений через онлайн-платформы и социальные сети, популярные в КНР</p><p>Выступая на Первом семинаре по интеграции и развитию культуры и туризма стран-членов ШОС, он сообщил, что зарубежным компаниям, работающим в сфере гостеприимства, стоит распространять информацию о своём бизнесе через онлайн-платформы и онлайн-турагентства, так как китайские туристы теперь предпочитают организовывать свои путешествия именно таким образом.</p><p>Почти 80% заказов на туристические поездки производятся через Интернет и только 20% бронирований осуществляются традиционными способами. Тоже самое касается и бронирований гостиниц, где почти 70% операций делается на онлайн-платформах.</p><p>Онлайн-бронирование сегодня стало основной тенденцией среди китайских туристов. Поэтому зарубежным продавцам стоит обращать серьезное внимание на популярные мобильные приложения, поскольку граждане КНР все больше ищут информацию в мобильных приложениях и в социальных сетях, где можно узнать мнение других путешественников.</p><p>Огромное значение имеет продвижение турпродукта на страницах популярных в Китае соцсетей WeChat, Weibo, Xiaohongshu и других.</p><p>Особенно эффективно сейчас использование тематических интернет-каналов и приложений – таких, как Ctrip, где туристы делятся своими впечатлениями во время и после путешествий, а также черпают идеи для будущих поездок.</p><p>Тема возможности для российских предприятий сферы гостеприимства получения доступа к индивидуальному туристу в Китае через интернет-платформы станет одной из ведущих на онлайн-заседаниикруглого стола «Привлечение индивидуального туриста. Стратегии и инструменты. Взгляд из Китая». Это очередное мероприятие Ассоциации «Мир без границ», предваряющее VIII Российско-Китайский туристический форум, запланированный на октябрь 2021 года.</p><p>27.07.2021 г., Вести Туризм, Константин Исааков</p>";"27.07.2021 07:39";"https://visit-russia.ru/ru/novosti/1696-tszou-tongyan-zarubezhnym-turoperatoram-dlya-prodvizheniya-v-kitae-stoit-orientirovatsya-na-onlajn-servisy.html";"Мир без границ";"https://visit-russia.ru/images/ED8524DC-D6CA-4AA2-A0F5-44AFD704076E.jpeg";"Издание «Вести Туризм» приводит мнение помощника директора Второго пекинского института иностранных языков, профессора Цзоу Тонгянь, который считает, что продавца туристических услуг разных стран, заинтересованным в привлечении гостей из Китая, стоит обратить внимание на продвижение своих предложений через онлайн-платформы и социальные сети, популярные в КНР";"Цзоу Тонгянь: «Зарубежным туроператорам для продвижения в Китае стоит ориентироваться на онлайн-сервисы»"
"Туристический портал  Travel Russian News";"<p>Тема возможности для российских предприятий гостеприимства получения доступа к индивидуальному туристу в Китае через отечественные онлайн платформы станет одной из ведущих на онлайн заседаниикруглого стола на тему «Привлечение индивидуального туриста. Стратегии и инструменты. Взгляд из Китая». Это очередное мероприятие, предваряющее VIII Российско-Китайский туристический форум, запланированный на октябрь 2021 года</p><p>Издание TRN приводит мнение заместителя руководителя платформы для тематических и авторских туров «Туту Приключения» Елены Чубиной, которая считает, для того, чтобы привлечь к себе внимание самостоятельных туристов из КНР, на первом этапе российским сервисам для организации путешествий будет необходимо переводить свои ресурсы на китайский язык и предлагать услуги через местные компании-агрегаторы.</p><p>Международные и российские эксперты туристической отрасли ещё до пандемии отмечали рост индивидуальных путешественников из Китая. Тогда речь шла не о тех туристах, которые самостоятельно планируют свои зарубежные поездки, а о тех, кто предпочитает, не групповые, а индивидуальные туры.</p><p>«Отмечалось, что среди выездных туристов из КНР примерно 40% ориентировались на индивидуальные, а не пакетные туры.При этом приводились данные, что среди групповых путешественников около 20% относятся к бюджетным туристам из небольших городов, а жители крупных мегаполисов все больше предпочитают пользоваться услугами туроператоров. для организации туров по персональной программе», — напомнила Чубина.</p><p>По мнению эксперта, после снятия ограничений для международных путешествий доля индивидуальных и самостоятельных туристов из Китая заметно увеличится, так как такие поездки в большей степени отвечают требованиям безопасности.</p><p>Она напомнила, что среди самостоятельных туристов, которые организуют свои путешествия без помощи туроператоров, самой большой популярностью пользуется компания Ctrip, которая является лидером рынка индивидуальных бронирований туров по всему миру.</p><p>«Агрегаторам в других странах, в том числе и в России, для того, чтобы конкурировать с Ctrip на туристическом рынке Поднебесной нужно будет приложить немало усилий. Им придётся вводить на своих сайтах мультиязычность, прежде всего китайский язык, так как большинство граждан КНР не владеют даже английским языком.</p><p>Мы так же думаем, что на первом этапе борьбы за китайский туристический рынок российским туристическим компаниям логичнее будет заключать партнёрские соглашения с Ctrip и размещать на их ресурсах свои предложения», — прокомментировала ситуацию представитель «Туту Приключения».</p><p>Чубина так же высказала предположение, что после того, как будут сняты международные ограничения, первым восстановится китайский рынок, и в Россию первыми поедут китайские, а не европейские или американские туристы.</p><p>26.07.2021 г., TRN, Анастасия Егорова</p>";"26.07.2021 07:33";"https://visit-russia.ru/ru/novosti/1695-rossijskie-agregatory-privlekut-turistov-iz-knr-tolko-cherez-partnjorstvo-s-kitajskimi-kollegami.html";"TRN";"https://visit-russia.ru/images/1653DCF8-CD55-48B4-B710-664F9134A5C1.jpeg";"Тема возможности для российских предприятий гостеприимства получения доступа к индивидуальному туристу в Китае через отечественные онлайн платформы станет одной из ведущих на онлайн заседаниикруглого стола на тему «Привлечение индивидуального туриста. Стратегии и инструменты. Взгляд из Китая». Это очередное мероприятие, предваряющее VIII Российско-Китайский туристический форум, запланированный на октябрь 2021 года";"Российские агрегаторы привлекут туристов из КНР только через партнёрство с китайскими коллегами"
"Туристический портал ""Вестник АТОР""";"<p>Председатель Совета турассоциации «Мир без границ», председатель Комиссии по въездному туризму общественного совета Ростуризма Иван Введенский обозначил риски для туристического бизнеса России, работающего на приеме иностранных гостей, и рассказал, как можно сохранить этот сегмент отрасли. Его интервью приводит «Вестник АТОР»</p><p>Г-н Введенский уверен, что слабые места существующего порядка регулирования и стимулирования въездного туризма в нашей стране лучше всего могут оценить в Ассоциации «Мир без границ», поскольку ее члены занимаются приемом гостей из КНР.</p><p>«Китайский кейс выявил и продемонстрировал заинтересованным специалистам незащищенность границ отечественного принимающего бизнеса одновременно с серьезным недопониманием со стороны чиновников происходящих здесь глубинных процессов», – сказал он.</p><p>КАК МЕНЯЕТСЯ СОВРЕМЕННЫЙ РЫНОК ВЪЕЗДНОГО ТУРИЗМА</p><p>По словам Введенского, в последние годы профессионалам приходится кардинально менять свои подходы к работе из-за объективных изменений глобального международного характера, связанных с цифровизацией и финансовой консолидацией.</p><p>«На современном рынке стираются различия между оптом и розницей, между туроператорами и агрегаторами, громоздятся экосистемы, рождаются бесчисленные API. Такие термины, как «турпакет» и «ваучер» во въездном туризме скоро станут анахронизмами, подобными их бумажным прообразам из прошлого века. Искать маржинальность на этом рынке скоро надо будет уже совсем не там, где ее ищут преподаватели отечественных туристических вузов на своих лекциях. Скорее, основной источник маржинальности в туризме будет в доп. услугах – примерно как в классическом примере с кофе на бензоколонке», – прокомментировал ситуацию руководитель ассоциации.</p><p>Эксперт считает, что такие изменения касаются не только туроператоров, но и их клиентов, поскольку иностранный турист от начала до конца своей поездки окутан сетями конкурирующих предложений и ежеминутно переходит «из рук в руки», чаще всего даже без ведома принимающего туроператора.</p><p>«Что уж говорить, если Государственный Эрмитаж завлекает гидов-переводчиков процентами с продаж от своих магазинчиков, в которых продаются не только книги Михаила Пиотровского, но и «мировое искусство» в бесчисленных копиях, нанесенных на чашки, кружки и футляры для очков», – пояснил он.</p><p>ЧТО ПОМОЖЕТ ТУРБИЗНЕСУ ВЫСТОЯТЬ В НОВЫХ УСЛОВИЯХ</p><p>Задаваясь вопросом, как справиться с непростой ситуацией в туризме, которая еще более усложнится после отмены ограничений в международном туризме, г-н Введенский размышляет над тем, смогут ли помочь соответствующие изменения в новом законе о туризме.</p><p>«Сейчас при обсуждении нового закона мы должны, прежде всего, оценить, в чем и как тормозит развитие въездного туризма действующий отраслевой закон, какие он создает противоречия, конфликты и где мешает работать. Нам также стоит внимательно рассмотреть успешный международный опыт развития въездного туризма, нащупать лучшие зарубежные практики и оценить возможность их «приземления» в России. Далее необходимо сделать прогноз относительно основных технологических трендов, насколько это будет возможно. Это касается цифрового маркетинга, цифровых финансов, развития фискальной системы и прочего», – рассуждает эксперт.</p><p>По мнению собеседника, нельзя также забывать про усиление полномочий и ответственности регионов и муниципалитетов, а также нужно продумать алгоритм управления туристическими потоками, так как «эпоха овертуризма» уже наступила.</p><p>Иван Введенский подчеркивает, что времени на оценку ситуации и принятие решений остается совсем немного, но пора уже с чего-то начинать.</p><p>«Мир без границ» обратил внимание на непростую тему специализированных государственных (или окологосударственных) организаций, создаваемых в центре и регионах для консолидации маркетинга, взаимодействия, выстраивания проектов ГЧП и тому подобного. Мы направили в Ростуризм письмо, где предлагаем рассмотреть вопрос о закреплении на законодательном уровне целей и задач национальной, региональных и местных туристских организаций, а также порядка их взаимодействия между собой и с предприятиями туриндустрии. Здесь речь идет о так называемых ТИЦах, хотя они по своему функционалу уже давно вышли за пределы этого понятия, прописанного в соответствующем ГОСТе», – подытожил руководитель ассоциации.</p><p>23.07.2021 г., Вестник АТОР</p>";"23.07.2021 07:42";"https://visit-russia.ru/ru/novosti/1694-v-mire-bez-granits-rasskazali-kak-sokhranit-rossijskij-vezdnoj-turizm.html";"Мир без границ";"https://visit-russia.ru/images/arc_1/ivan_vvedenskij_mi_vidim_razdroblennost_v_dejstviyah_regionov_po_proektu_gosudareva_doroga.jpg";"Председатель Совета турассоциации «Мир без границ», председатель Комиссии по въездному туризму общественного совета Ростуризма Иван Введенский обозначил риски для туристического бизнеса России, работающего на приеме иностранных гостей, и рассказал, как можно сохранить этот сегмент отрасли. Его интервью приводит «Вестник АТОР»";"В «МИРЕ БЕЗ ГРАНИЦ» РАССКАЗАЛИ, КАК СОХРАНИТЬ РОССИЙСКИЙ ВЪЕЗДНОЙ ТУРИЗМ"
"Другой";"<p>Издание UssurMedia и Ассоциация международного туризма «Мир без границ» договорились о сотрудничестве в рамках информационного партнёрства при подготовке и проведении VIII Российско-китайского туристического Форума</p><p>19-20 октября 2021 года пройдёт VIII Российско-Китайский туристический форум, который станет наиболее ожидаемым событием отрасли двух стран. Открыта регистрация на участие в этом мероприятии, которое будет организовано в как в онлайн, так и в офлайн – гибридном формате, что позволит значительно расширить географию и охват его участников. Организаторами Форума выступают Ассоциация «Мир без границ» и Китайская Ассоциация туристического сервиса (CATS).</p><p>UssurMedia– первое информационное агентство Уссурийского городского округа. За 5 лет работы на новостную ленту было выпущено почти 50 000 публикаций. Каждый месяц сайт UssurMedia читают более 300 тысяч пользователей, и это число продолжает расти. В 2020 году агентство вошло в десятку самых цитируемых СМИ Приморского края.</p><p>Туристическая ассоциация «Мир без границ» – это профессиональное объединение в сфере российско-китайского туризма, в которое входят 176 компаний из числа работающих на китайском направлении: туроператоры, гостиницы, музеи, торговые дома, аэропорты и авиакомпании, финансовые и страховые компании.</p><p>«Мир без границ» 19-20 октября 2021 года совместно с Китайской ассоциацией туристического сервиса в онлайн и офлайн формате проведёт VIII Российско-Китайский туристический форум, который станет наиболее ожидаемым событием отрасли двух стран.</p><p>Российско-Китайский туристический форум проводится с 2012 года при поддержке Федерального агентства по туризму и Министерства культуры и туризма Китайской Народной Республики. Первый форум проходил в Пекине в 2012-ом году, в этом же году состоялась деловая встреча турэкспертов на втором форуме в Шанхае, в рамках закрытия Года российского туризма в Китае. С 2015 года Российско-Китайский туристический форум стал ежегодным центральным событием для участников российско-китайского туризма.</p><p>Открыта регистрация на участие в форуме</p>";"22.07.2021 09:57";"https://visit-russia.ru/ru/novosti/1693-novym-informatsionnym-partnerom-assotsiatsii-mir-bez-granits-stalo-izdanie-ussurmedia.html";"UssurMedia";"https://visit-russia.ru/images/9988EBEE-6405-4E5C-9390-A746DBBBC6FF.jpeg";"Издание UssurMedia и Ассоциация международного туризма «Мир без границ» договорились о сотрудничестве в рамках информационного партнёрства при подготовке и проведении VIII Российско-китайского туристического Форума";"Новым информационным партнером Ассоциации «Мир без границ» стало издание UssurMedia"
"STI - Cибирский туристический портал";"<p>STI-Сибирский Туристический Портал опубликовал комментарии председателя Совета турассоциации «Мир без границ», председателя Комиссии по въездному туризму общественного совета Ростуризма Ивана Введенского к письму, которое было направлено им руководителю Федерального агентства по туризму Зарине Догузовой</p><p>Ассоциация международного сотрудничества в туризме «Мир без границ» направила письмо руководителю Федерального агентства по туризму Зарине Догузовой, где предлагает рассмотреть вопрос о закреплении на уровне отраслевого закона статуса туристских организаций от федерального до местного уровня.</p><p>В письме, подписанном председателем Совета турассоциации «Мир без границ», председателем Комиссии по въездному туризму общественного совета Ростуризма Иваном Введенским, сделана ссылка на то, что в соответствии с решением президиума Правительственной комиссии от 13 июля 2021 года Ростуризму поручено подготовить проект об утверждении Автономной некоммерческой организации (АНО) «Развитие туризма» и правилам ее государственного финансирования.</p><p>«В связи с ведущимися в настоящее время работами по пересмотру отраслевого Федерального законодательства предлагаем рассмотреть вопрос о закреплении на законодательном уровне целей и задач национальной, региональных и местных туристских организаций, порядок их взаимодействия как между собой, так и предприятиями туриндустрии», - говорится в документе.</p><p>Введенский обратил внимание на то, что поручение вице-премьера Дмитрия Чернышенко по созданию АНО «Развитие туризма» наталкивает на мысль, что это будет главный Туристской-информационный центр (ТИЦ) России, который возьмет на себя позиционирование, продвижение страны, консолидацию работы с регионами, бизнесом и другие функции. Он не исключает, что через данную организацию будут проводиться меры стимулирования и поддержки туроператоров, а также других организаций, заинтересованных в развитии въездного туризма.</p><p>«Роль и значение формирующегося скелета государственного управления и стимулирования въездного туризма трудно переоценить. На это и обращает внимание «Мир без границ», предлагая Ростуризму в новом отраслевом законе определить место данным организациям федерального и регионального уровней, назначить им ключевой функционал, права и обязанности», - уточнил глава «Мира без границ».</p><p>По его мнению, такие законодательные изменения положительно скажутся на встраивании в единую систему уже существующих региональных организаций (ТИЦ, офисов по развитию туризма и других), а также обеспечат создание подобных организаций в «отстающих» регионах.</p><p>Введенский обратил внимание на то, что костяк «Мира без границ» составляют универсальные крупные туроператоры, работающие со всеми основными рынками десятилетиями. При этом он добавил, что несмотря на прочную репутацию и авторитет, им приходится в последние годы кардинально менять свои подходы к работе из-за объективных изменений глобального международного характера, связанных с цифровизацией и финансовой консолидацией.</p><p>«На современном рынке стираются различия между «оптом» и «розницей», между туроператорами и агрегаторами, громоздятся «экосистемы», рождаются бесчисленные API. Такие термины, как «турпакет» и «ваучер» скоро будут таким же анахронизмами, как и их бумажные прообразы из прошлого века. Маржинальность в целом, примерно, как «кофе на бензоколонке», она совсем уже не там, где ее ищут на своих лекциях преподаватели отечественных туристских вузов», - прокомментировал ситуацию эксперт.</p><p>Глава ассоциации считает, что сохранение в России класса неких туристических брокеров, которыми по сути являются туроператоры, станет возможным в тесном сотрудничестве с региональными туристическими организациями. «Турбизнесу жизненно необходим «зонтик» в виде НТО, иначе он исчезнет как класс, не выдержав конкуренции с глобальными системами бронирования», - пояснил Введенский.</p><p>22.07.2021 г., STI-Сибирский Туристический Портал</p>";"22.07.2021 08:52";"https://visit-russia.ru/ru/novosti/1692-mir-bez-granits-predlagaet-zakrepit-v-otraslevom-zakone-status-turisticheskikh-organizatsij.html";"zen.yandex.kg";"https://visit-russia.ru/images/15FA70B5-BF42-4A13-AC5B-C4552C7D2B4F.jpeg";"STI-Сибирский Туристический Портал опубликовал комментарии председателя Совета турассоциации «Мир без границ», председателя Комиссии по въездному туризму общественного совета Ростуризма Ивана Введенского к письму, которое было направлено им руководителю Федерального агентства по туризму Зарине Догузовой";"«Мир без границ» предлагает закрепить в отраслевом законе статус туристических организаций"
"Другой";"<p>Издание Prim-Travel сообщает о том, что Приморский край намерен вновь заявить о своих туристических возможностях и привлечь новые категории туристов из Китая, приняв участие в VIII Российско-Китайском туристическом форуме, который состоится в октябре 2021 года</p><p>Приморский край готовится к участию в VIII Российско-Китайском туристическом форуме. Для региона китайский турпоток приносит пополнение и в бизнес, и в бюджет, и потерять эту статью доходов регион не намерен. Вирус не вечен, а Приморье настроено напомнить о себе, о своих программах, возможностях и привлечь новые категории туристов из Поднебесной.</p><p>С 19 по 20 октября состоится VIII Российско-Китайский туристический форум. Отметим, что в этом году Россия и Китай отмечают 20-летие подписания Договора о добрососедстве, дружбе и сотрудничестве между двумя странами, и это накладывает особый отпечаток на работу форума.</p><p>Китайские туристы давно перестали выбирать для путешествий приграничные регионы Дальнего Востока и столичные Москву и Санкт-Петербурга. Их интересы и желания ширятся, так что регионам для привлечения гостей из Поднебесной предстоит не просто перечислить объекты посещения, а создать действительно интересные и уникальные программы, понять запросы целевой аудитории.</p><p>Одним из «козырей», используемых регионом, будет видеоролик, посвященный местному туризму. Приморье представило свою работу в числе 21 региона России. Как пояснили в ТИЦ Приморья, акцент сделан на знакомство с природными объектами, гастрономию, возможность интересно провести несколько дней во Владивостоке, преимущества регионального медтуризма и романтический отдых.</p><p>Отметим, что в 2019 году Приморский край принял более 941 тысячи зарубежных гостей. Прирост составил почти 21%. Чуть меньше полвины пришлось на гостей из Поднебесной, которые заняли лидирующие позиции. В тот доковидный год регион посетили 456 295 китайских путешественников, прирост составил 8 %.</p><p>Видеоролики о Приморье будут продемонстрированы заинтересованной китайской аудитории 19-20 октября 2021 года в рамках работы специального стрима на платформе Weizan Zhibo. Но т.к. туризм – это дорога в двух направлениях, то российской стороне (туркомпании, ТИЦ, административные органы) покажут видеоролики, где будет отражен потенциал китайских провинций.</p><p>Организаторами форума выступают туристическая ассоциация «Мир без границ» и Китайская ассоциация туристического бизнеса. В форуме примут участие представители Федерального агентства по туризму, министерства культуры и туризма КНР, МИДа РФ, посольства КНР в России, ассоциации «Мир без границ», Китайской ассоциации туристического бизнеса, туристические компании, гостиницы, объекты показа, страховые компании, профильные СМИ и другие профильные игроки индустрии туризма и гостеприимства России и Китая. Часть мероприятий данного форума будет проходить в Москве в офлайн, другая, – в виде видеоконференций в Zoom и в прямом эфире в YouTube и Weizan Zhibo</p><p>Зарегистрироваться для участия в форуме можно здесь</p><p>21.07.2021 г., Prim-Travel, Ольга Алексеева</p>";"21.07.2021 07:55";"https://visit-russia.ru/ru/novosti/1691-primore-gotovitsya-posle-virusa-privlech-novye-kategorii-kitajskikh-turistov-v-region.html";"Мир без границ, Ирина Нехорошкина";"https://visit-russia.ru/images/1C7C2DB2-5F35-420B-ABE9-00424A8A0F31.jpeg";"Издание Prim-Travel сообщает о том, что Приморский край намерен вновь заявить о своих туристических возможностях и привлечь новые категории туристов из Китая, приняв участие в VIII Российско-Китайском туристическом форуме, который состоится в октябре 2021 года";"Приморье готовится после вируса привлечь новые категории китайских туристов в регион"
"Другой";"<p>Проект «Серый Мокко» и Ассоциация международного туризма «Мир без границ» договорились о сотрудничестве в рамках информационного партнёрства при подготовке и проведении VIII Российско-китайского туристического Форума</p><p>19-20 октября 2021 года пройдёт VIII Российско-Китайский туристический форум, который станет наиболее ожидаемым событием отрасли двух стран. Открыта регистрация на участие в этом мероприятии, которое будет организовано в как в онлайн, так и в офлайн – гибридном формате, что позволит значительно расширить географию и охват его участников. Организаторами Форума выступают Ассоциация «Мир без границ» и Китайская Ассоциация туристического сервиса (CATS).</p><p>«Серый Мокко» – платформа, объединяющая носителей китайского языка, увлекающихся русским языком и культурой, и носителей русского языка, увлекающихся китайским языком и культурой. Сообщество выросло из серии подкастов, которые записывались на китайском языке и были призваны познакомить китайцев с особенностями жизни в России.</p><p>Сегодня «Серый Мокко» регулярно организует мероприятия, связанные с культурой двух стран, и участвует в различного рода активностях как независимый эксперт. Кроме записи подкастов, проведения экскурсий, концертов и мастер-классов, «Серый Мокко» помогает в переводе и адаптации русскоязычных сайтов, меню и любой другой информации для привлечения китайских пользователей.</p><p>«Серый Мокко» базируется в Москве. Филиалы расположены в Санкт-Петербурге, Пекине и Тайбэе. В 2020 году проект участвовал в премии «ЭКД!», на которой в номинации за развитие российско-китайского медиапространства получил приз как «Лучшее сообщество во ВКонтакте о Китае на русском».</p><p>ФОТО@Серый Мокко</p><p>Туристическая ассоциация «Мир без границ» – это профессиональное объединение в сфере российско-китайского туризма, в которое входят 176 компаний из числа работающих на китайском направлении: туроператоры, гостиницы, музеи, торговые дома, аэропорты и авиакомпании, финансовые и страховые компании.</p><p>«Мир без границ» 19-20 октября 2021 года совместно с Китайской ассоциацией туристического сервиса в онлайн и офлайн формате проведёт VIII Российско-Китайский туристический форум, который станет наиболее ожидаемым событием отрасли двух стран.</p><p>Российско-Китайский туристический форум проводится с 2012 года при поддержке Федерального агентства по туризму и Министерства культуры и туризма Китайской Народной Республики. Первый форум проходил в Пекине в 2012-ом году, в этом же году состоялась деловая встреча турэкспертов на втором форуме в Шанхае, в рамках закрытия Года российского туризма в Китае. С 2015 года Российско-Китайский туристический форум стал ежегодным центральным событием для участников российско-китайского туризма.</p><p>Открыта регистрация на участие в форуме</p>";"20.07.2021 05:22";"https://visit-russia.ru/ru/novosti/1690-novym-informatsionnym-partnerom-assotsiatsii-mir-bez-granits-stal-proekt-dlya-kitaistov-i-rusistov-seryi-mokko.html";"Серый Мокко";"https://visit-russia.ru/images/FA93AFE0-7065-4955-B47B-E3F3784506C0.jpeg";"Проект «Серый Мокко» и Ассоциация международного туризма «Мир без границ» договорились о сотрудничестве в рамках информационного партнёрства при подготовке и проведении VIII Российско-китайского туристического Форума";"Новым информационным партнером Ассоциации «Мир без границ» стал проект для китаистов и русистов «Серый Мокко»"
"Туристический портал ""Вести Туризм""";"<p>Издание «Вести Туризм» проинформировало, что представители туризма 21 региона России направили видеоролики, посвящённые местному туризму, для демонстрации в программе VIII Российско-Китайского туристического форума</p><p>Туристическая Ассоциация «Мир без границ» приглашает представителей региональных турадминистраций и ТИЦев активнее присылать видеоролики по адресу info@expochina.pro, чтобы заранее их обработать и помочь в локализации видеоматериалов для китайской версии (субтитры или озвучка) и показа в рамках VIII Российско-Китайского туристического форума.</p><p>Среди регионов России, которые уже направили свои видеоролики для показа в рамках форума:</p><p>Планируется, что присланные видеоролики о регионах России будут продемонстрированы заинтересованной китайской аудитории 19-20 октября 2021 года в рамках работы специального стрима на платформе Weizan Zhibo. Также запланирован показ видеороликов китайских провинций для заинтересованной российской аудитории.</p><p>Зарегистрироваться для участия в форуме можно здесь.</p><p>19.07.2021 г., Вести Туризм</p>";"19.07.2021 09:56";"https://visit-russia.ru/ru/novosti/1689-21-region-rossii-uzhe-progolosoval-za-kitajskikh-turistov.html";"Мир без границ, Ирина Нехорошкина";"https://visit-russia.ru/images/EB78F0C0-FCAB-418D-AEFA-C6E41A6062C6.jpeg";"Издание «Вести Туризм» проинформировало, что представители туризма 21 региона России направили видеоролики, посвящённые местному туризму, для демонстрации в программе VIII Российско-Китайского туристического форума";"21 регион России уже проголосовал за китайских туристов"
"Туристический портал ""Вести Туризм""";"<p>Председатель Комитета по развитию туризма Санкт-Петербурга Сергей Корнеев уверен, что комбинированные и межрегиональные маршруты позволят повысить доходность от китайского туризма и привлечь новые категории гостей из КНР. Об этом он рассказал изданию «Вести Туризм»</p><p>Сергей Корнеев рассмотрел предложение Ассоциации международного сотрудничества в туризме «Мир без границ» и сообщил о готовности войти в состав Организационного комитета VIII Российско-Китайского туристического форума, запланированного на октябрь 2021 года, который будет организован совместно с Китайской ассоциацией туристического сервиса (CATS).</p><p>Дав согласие на участие в составе Организационного комитета VIII Российско-китайского туристического форума, я выражаю мнение представителей Санкт-Петербурга, которые рассчитывают вместе с другими субъектами РФ найти такие решения задач и обсудить такие модели в сфере гостеприимства, которые будут устраивать и бизнес, и принимающий регион.</p><p>Я не понимаю, чем китайский туризм отличается от любого другого въездного туризма. Между ними есть этнические отличия, но нет экономических. Если где-то кто-то что-то не платит, то нужно приходить и проверять конкретные рестораны, магазины и другие предприятия.</p><p>Относительно других претензий к китайским туристам хочу напомнить, что своя специфика есть всех наций. В мире ругают и российских, и британских, и немецких, и любых других туристов. Если гости приезжают в страну не с наличными деньгами, а с карточкой или с ваучером, то это не значит, что услуги ему предоставляются бесплатно.</p><p>Если говорить про китайский туризм, то я считаю, что повышение среднего чека приведёт к появлению новой категории гостей из Поднебесной. Китай – очень большая страна с огромным количеством населения и разнообразными интересами. Я знаю, что у китайских туроператоров есть достаточное количество заявок не только приехать в Санкт-Петербург, но и поиграть в гольф или совершить путешествие на морском пароме. Хочу отметить, что в Петергофе находится одно из лучших в Европе гольф-полей.</p><p>В плане межрегиональных путешествий мы можем предложить маршруты, комбинирующие Северную столицу и российскую Арктику. Такие предложения уже есть и хорошо себя зарекомендовали среди китайских гостей. После открытия границ их необходимо будет масштабировать и продвигать.</p><p>Именно такие комбинации предложений приводят к повышению чека, к появлению новых категорий туристов и даже к возвратности, что не свойственно китайским путешественникам.</p><p>Нам нужны новые туристические продукты для китайского рынка, но мы не должны их высасывать из пальца, а разрабатывать их с учётом мнения российских и китайских экспертов. Нужно заранее понимать, какие предложения будут хорошо восприняты гостями из КНР.</p><p>Есть и другие проверенные межрегиональные маршруты, которые мы делаем в рамках «Серебряного ожерелья». Это «Петербург - Карелия», «Петербург - Псков», «Петербург - Великий Новгород», «Петербург - Карелия - Валаам - Соловки» и другие. Кроме того сейчас для китайских туристов очень важно улучшение логистики. Из Северной столицы на поезде «Ласточка» очень просто попасть в Выборг, Псков, Новгород, Петрозаводск, Тихвин.</p><p>Сами китайские туроператоры отмечают, что их клиенты – очень любознательные: они интересуются природой, экологией, экзотикой, Севером. Нужно уметь их заинтересовать, а для этого важно теснее сращивать продавца и покупателя.</p><p>Представители КНР заверяют, что они готовы работать на расширение российско-китайского туризма, но ждут от нас четких правил игры. Китайцы очень законопослушны: если что-то прописано в условиях, то они не будут их нарушать. В этом тоже решение проблем, которые обсуждаются вокруг гостей из Поднебесной.</p><p>19.07.2021 г., Вести Туризм, Константин Исааков</p>";"19.07.2021 07:25";"https://visit-russia.ru/ru/novosti/1688-sergej-korneev-kombinirovannye-marshruty-pozvolyat-uvelichit-dokhodnost-kitajskogo-turizma.html";"Вести Туризм";"https://visit-russia.ru/images/034A579F-8927-43A9-977D-119621D6C7EC.jpeg";"Председатель Комитета по развитию туризма Санкт-Петербурга Сергей Корнеев уверен, что комбинированные и межрегиональные маршруты позволят повысить доходность от китайского туризма и привлечь новые категории гостей из КНР. Об этом он рассказал изданию «Вести Туризм»";"СЕРГЕЙ КОРНЕЕВ: «КОМБИНИРОВАННЫЕ МАРШРУТЫ ПОЗВОЛЯТ УВЕЛИЧИТЬ ДОХОДНОСТЬ от КИТАЙСКОГО ТУРИЗМА»"
